employer,industry
Bank of America,
Weedmaps,
Blue Skies LLC,
Advance America,
Micron,
BMW of North America LLC.,
New York City ADMIN FOR CHILDREN'S SVCS,
Nuvei,
Sothebyâ€™s,
Expedia Group,
Avalara,
Risk Solutions,
SK Life Science Inc.,
Hewlett Packard Enterprise,
Pocket Nurse,
Cargill,
Starbucks,
Sendoso,
SADA,
Niagara Bottling,
Houston Dynamo/Dash/BBVA Stadium,
Shutterstock,
Bose,
Consumers Credit Union,
Epsilon,
Knowland,
TVision Insights,
Affordable Dentures & Implants,
Getty Images,
Kinetica DB,
Wacker,
Splunk,
"Amazon Web Services, Inc.",
Quotient Technology Inc.,
Domino's,
DocuSign,
Empire Business Group LLC,
W. Atlee Burpee Company,
Thumbtack,
Astreya,
Criteo,
"Pandora Media, LLC",
Gerdau,
Altegris,
Milliken & Company,
Facebook,
Alloy,
Zeta Global,
iLendingDIRECT,
REI,
Reed Business Information,
MacLean-Fogg,
Lavelle Industries,
Thermo Fisher Scientific,
PwC,
JLL,
UL LLC,
"LB White Co., LLC",
Waystar,
Producers Dairy Foods,
CTDI,
CDPHP,
Chubb,
Zones,
Simon-Kucher & Partners,
ViaSat,
Lectra Inc,
BlueLinx Corporation,
Surya,
Citrix,
"Amazon.com Services, Inc.",
SageSure Insurance Managers,
Fortive Corporate,
Google,
EF Educational Tours,
DRB Capital,
PROLIM Corporation,
ManTech International Corporation,
Oxford University Press,
ASML,
CoreLogic,
KLA-Tencor,
M&A Executive Search,
Northwestern Mutual Life Insurance Company,
CU DIRECT CORPORATION,
The Mortgage Firm,
Amgen,
Uber,
Jobot,
Intuit,
Carpenter Technology Corporation,
MaritzCX,
Infinite Energy,
Protective Life Corporation,
HG Insights,
Clearlink,
eNGINE,
National Interstate,
TE Connectivity,
Neogen,
Eko,
Johnson & Johnson Family of Companies,
Kingsley Associates,
LIVE OBJECTS,
Teradata,
Mid-Atlantic Surgical Systems,
JP Morgan Chase,
Informa,
WebMD,
Granite Telecommunications,
Ez Texting,
BazaarVoice,
2K Games,
Converse,
EMD,
SundaySky,
Globus family of brands,
Mattel,
Denodo Technologies,
Cisco Careers,
SYNQ3 Restaurant Solutions,
Patterson Companies,
Genworth,
ForgeRock,
Michaels,
"Retail Solutions, Inc.",
Aaratechinc,
Rue Gilt Groupe,
Auction.com,
AKC Marketing,
rapid,
Cardinal Analytx Solutions,
"Continental Motors, Inc.",
"Agilent Technologies, Inc.",
Exact Sciences Corporation,
Bombora,
WJ Deutsch,
Private,
"Galderma Laboratories, LP",
Zillow Group,
Topline Group LLC,
ServiceSource,
MLWIZ Team,
"Theorem, LLC",
iCIMS,
Looker,
CRH,
h2o.ai,
NeuroLeadership Institute,
Wayfair,
rewardStyle,
"Master Electronics, Inc.",
Caterpillar,
Visa,
Bayer,IT
Clairvoyant,Engineering
"JPMorgan Chase Bank, N.A.",Scientific
PwC,Manufacturing
Ultrafly Connexions,IT
Siemens Technology and Services Private Limited,Scientific
Amazon Dev Center India - Hyd,Management
Commonwealth Bank,Engineering
Instinct Innovations,Logistics
Micron,Recruitment
"JPMorgan Chase Bank, N.A.",IT
Publicis Sapient,Marketing
"ESRI, Inc.",Healthcare
"JPMorgan Chase Bank, N.A.",Human Resources
ADCI HYD 13 SEZ,Insurance
Indian Institute for Human Settlements,Bank
"JPMorgan Chase Bank, N.A.",Bank
Integral Ad Science,Healthcare
Philips,IT
Better.com India,Manufacturing
Cognizant,Engineering
Poshmark,IT
Publicis Sapient,Management
UST Global Singapore Pte Limited,Logistics
Moody's Corporation,Finance
IBM,IT
Policybazaar.com,Scientific
SourceGain Consulting Pvt. Ltd.,Architecture
Bhartia Management Consultancy,Human Resources
Institutional Shareholder Services,Management
GSN Games,Engineering
Wolters Kluwer,Engineering
Enquero Inc,Customer Service
PLATTS,Government
PayU,Sales
Reputation.com,Marketing
Ernst & Young,Engineering
Augusta Infotech,Manufacturing
Visa,Engineering
EY,Engineering
Cognizant,IT
Epsilon India,Logistics
